{ 
  "listanNimi" : "Parkour Mestarit", 
  "kotipaikka" : "Tampesteri", 
  "muodostettu" : 2016, 
  "kerhotila" : "Tornihotelli", 
  "aktiivinen" : true, 
  "jasenet" : [ 
    { 
      "nimi" : "Manne Melkoinen", 
      "ika" : 22, 
      "lempinimi" : "Kumiukko", 
      "vahvuudet" : [ 
        "Hypyt", 
        "Ylitykset", 
        "varjohypyt" 
      ] 
    }, 
    { 
      "nimi" : "Anna Ahkera", 
      "ika" : 19, 
      "lempinimi" : "Hämis", 
      "vahvuudet" : [ 
        "Tasapainoilu", 
        "Kiipeäminen", 
        "Köysitemput" 
      ] 
    }, 
    { 
      "nimi" : "Aake Kastari", 
      "ika" : 40, 
      "lempinimi" : "Kaskas", 
      "vahvuudet" : [  
        "Tykinkuulahyppy", 
        "Kiipeäminen", 
        "Hypyt" 
      ] 
    } 
  ] 
}